,Product_PO,SKU_PO,Quantity_PO,Cost_PO,Discounts($)_PO,Discounts(%)_PO,Global Discounts($)_PO,Tax(%)_PO,Total_PO,Notes_PO,Line #_INV,Whse Status_INV,Mac SKU #_INV,Cust Item #_INV,Description_INV,Qty Ord_INV,Qty Shipped_INV,Qty B/O_INV,List Price_INV,Discount %_INV,Net Price_INV,UOM_INV,Ext Price_INV,UPC/EAN_INV,Account #_INV,PO #_INV,Order #_INV,BO #_INV,Invoice #_INV,Box #_INV,Same Qty
UC4800-6P,LePen Flex 6 Piece Pastel Set,28617487809,6.0,6.65,-,-,-,-,39.9,,,,,,,,,,,,,,,,,,,,,,True
CME34-S,Copic Sketch Earth Colors (E34 Toast),4.51134E+12,2.0,3.2,-,-,-,-,6.4,,18.0,Shipped 05/15/2023,2884.0,,SKETCH MRKR TOAST,2.0,2.0,0.0,7.99,60.0,3.2,PE,6.4,E-4511338007068,3003330000.0,ALB1381,N3240731,0.0,14596857.0,00000824352016777356,True
CMMLB05,Copic Multiliner Black (0.5),4.51134E+12,5.0,1.6,-,-,-,-,8.0,,27.0,Shipped 05/15/2023,3079.0,,MULTILINER 0.5 BLACK,5.0,5.0,0.0,3.99,60.0,1.6,PE,8.0,E-4511338010204,3003330000.0,ALB1381,N3240731,0.0,14596857.0,00000824352016777356,True
CMMLO01,Copic Multiliner Olive (0.1),4.51134E+12,3.0,1.6,-,-,-,-,4.8,,29.0,Shipped 05/15/2023,3096.0,,MULTILINER 0.1 OLIVE,3.0,3.0,0.0,3.99,60.0,1.6,PE,4.8,E-4511338010495,3003330000.0,ALB1381,N3240731,0.0,14596857.0,00000824352016777370,True
CMIN-FV2,Copic Ink Fluorescents (FV2 Fluorescent Dull Violet),4.51134E+12,2.0,3.23,-,-,-,-,6.46,,34.0,Shipped 05/15/2023,92435.0,,INK 12ML FV2 FLO DULL VIOLET,2.0,2.0,0.0,5.99,46.0,3.23,PE,6.46,E-4511338058855,3003330000.0,ALB1381,N3240731,0.0,14596857.0,00000824352016777370,True
CMSPRBRSHN,Super Brush Nib Pack Of 3,4.51134E+12,2.0,3.8,-,-,-,-,7.6,,41.0,Shipped 05/15/2023,3355.0,,SUPER BRUSH NIB PKG/3,2.0,2.0,0.0,7.99,60.0,3.2,EA,6.4,E-4511338010129,3003330000.0,ALB1381,N3240731,0.0,14596857.0,00000824352016777387,True
DJ284610165,Daniel Smith Watercolor 5 ml Series 1 (Lemon Yellow),7.43162E+11,2.0,3.58,-,-,-,-,7.16,,42.0,Shipped 05/15/2023,70281.0,,DS W/C 5ML LEMON YELLOW,2.0,2.0,0.0,10.19,62.0,3.87,TU,7.74,U-743162032563,3003330000.0,ALB1381,N3240731,0.0,14596857.0,00000824352016777370,True
DJ284610106,Daniel Smith Watercolor 5 ml Series 1 (Ultramarine Blue),7.43162E+11,2.0,3.58,-,-,-,-,7.16,,43.0,Shipped 05/15/2023,70266.0,,DS W/C 5ML ULTRAMARINE BLUE,2.0,2.0,0.0,10.19,62.0,3.87,TU,7.74,U-743162032433,3003330000.0,ALB1381,N3240731,0.0,14596857.0,00000824352016777370,True
DJ284610114,Daniel Smith Watercolor 5 ml Series 1 (Yellow Ochre),7.43162E+11,2.0,3.58,-,-,-,-,7.16,,44.0,Shipped 05/15/2023,70271.0,,DS W/C 5ML YELLOW OCHRE,2.0,2.0,0.0,10.19,62.0,3.87,TU,7.74,U-743162032471,3003330000.0,ALB1381,N3240731,0.0,14596857.0,00000824352016777370,True
FR19210005,EcoQua Notebooks A4 Staple Bound Blank (Flamingo),8.00135E+12,2.0,2.99,-,-,-,-,5.98,,45.0,Shipped 05/15/2023,100783.0,,ECOQUA ST BLNK BK A4 FLAM 40S,2.0,2.0,0.0,6.65,60.0,2.66,BK,5.32,E-8001348213383,3003330000.0,ALB1381,N3240731,0.0,14596857.0,00000824352016777356,True
FR19210012,EcoQua Notebooks A4 Staple Bound Blank (Wine),8.00135E+12,2.0,2.99,-,-,-,-,5.98,,46.0,Shipped 05/15/2023,100789.0,,ECOQUA ST BLNK BK A4 WINE 40S,2.0,2.0,0.0,6.65,60.0,2.66,BK,5.32,E-8001348213451,3003330000.0,ALB1381,N3240731,0.0,14596857.0,00000824352016777356,True
SK37326,Gelly Roll Fine Point (Purple),84511358379,6.0,0.83,-,-,-,-,4.98,,47.0,Shipped 05/15/2023,775967.0,,GELLYROLL FINE PURPLE,6.0,6.0,0.0,1.66,50.0,0.83,PE,4.98,U-084511358379,3003330000.0,ALB1381,N3240731,0.0,14596857.0,00000824352016777356,True
SK32032,Gelly Roll Moonlight Fine Point (Blue Green),84511320321,6.0,0.75,-,-,-,-,4.5,,48.0,Shipped 05/15/2023,91170.0,,GELLYROLL MOONLT FN BLUE GREEN,6.0,6.0,0.0,1.66,50.0,0.83,PE,4.98,U-084511320321,3003330000.0,ALB1381,N3240731,0.0,14596857.0,00000824352016777356,True
SK38165,Gelly Roll Moonlight Medium Point (Fluorescent Orange),84511381650,9.0,0.75,-,-,-,-,6.75,,49.0,Shipped 05/15/2023,195197.0,,GELLYROLL MOONLT MD FLO ORANGE,9.0,9.0,0.0,1.66,50.0,0.83,PE,7.47,U-084511381650,3003330000.0,ALB1381,N3240731,0.0,14596857.0,00000824352016777356,True
SK38167,Gelly Roll Moonlight Medium Point (Fluorescent Pink),84511381674,9.0,0.75,-,-,-,-,6.75,,50.0,Shipped 05/15/2023,195308.0,,GELLYROLL MOONLT MD FLO PINK,9.0,9.0,0.0,1.66,50.0,0.83,PE,7.47,U-084511381674,3003330000.0,ALB1381,N3240731,0.0,14596857.0,00000824352016777356,True
SK38166,Gelly Roll Moonlight Medium Point (Fluorescent Vermillion),84511381667,6.0,0.75,-,-,-,-,4.5,,51.0,Shipped 05/15/2023,195316.0,,GELLYROLL MOONLT MD FLO VERMLN,6.0,6.0,0.0,1.66,50.0,0.83,PE,4.98,U-084511381667,3003330000.0,ALB1381,N3240731,0.0,14596857.0,00000824352016777356,True
SK37962,Gelly Roll Stardust (Silver),84511379626,12.0,0.75,-,-,-,-,9.0,,52.0,Shipped 05/15/2023,86371.0,,GELLYROLL STRDST SILVER,12.0,12.0,0.0,2.0,50.0,1.0,PE,12.0,U-084511379626,3003330000.0,ALB1381,N3240731,0.0,14596857.0,00000824352016777356,True
SK31031,Gelly Roll White Bold,84511310315,15.0,0.75,-,-,-,-,11.25,,53.0,Shipped 05/15/2023,82351.0,,GELLYROLL BOLD WHITE,15.0,15.0,0.0,1.66,50.0,0.83,PE,12.45,U-084511310315,3003330000.0,ALB1381,N3240731,0.0,14596857.0,00000824352016777356,True
PX364224000,POSCA PC- 17K Extra Broad (Black),4.90278E+12,4.0,4.36,-,-,-,-,17.44,,55.0,Shipped 05/15/2023,76826.0,,PC-17K XBROAD BLACK,4.0,4.0,0.0,10.9,60.0,4.36,PE,17.44,E-4902778364222,3003330000.0,ALB1381,N3240731,0.0,14596857.0,00000824352016777370,True
PX265447000,POSCA PC-3M Fine (Glitter Light Blue),4.90278E+12,3.0,1.78,-,-,-,-,5.34,,56.0,Shipped 05/15/2023,81908.0,,PC-3M FINE GLITTER LIGHT BLUE,3.0,3.0,0.0,4.45,60.0,1.78,PE,5.34,E-4902778197974,3003330000.0,ALB1381,N3240731,0.0,14596857.0,00000824352016777370,True
PX264333000,POSCA PC-5M Medium (Apple Green),4.90278E+12,4.0,1.6,-,-,-,-,6.4,,57.0,Shipped 05/15/2023,76894.0,,PC-5M MEDIUM APPLE GREEN,4.0,4.0,0.0,4.45,60.0,1.78,PE,7.12,E-4902778036853,3003330000.0,ALB1381,N3240731,0.0,14596857.0,00000824352016777370,True
PX264598000,POSCA PC-5M Medium (Fluorescent Orange),4.90278E+12,3.0,1.6,-,-,-,-,4.8,,58.0,Shipped 05/15/2023,81916.0,,PC-5M MEDIUM FLUO ORANGE,3.0,3.0,0.0,4.45,60.0,1.78,PE,5.34,E-4902778198063,3003330000.0,ALB1381,N3240731,0.0,14596857.0,00000824352016777370,True
PX264606000,POSCA PC-5M Medium (Fluorescent Pink),4.90278E+12,3.0,1.6,-,-,-,-,4.8,,59.0,Shipped 05/15/2023,81917.0,,PC-5M MEDIUM FLUO PINK,3.0,3.0,0.0,4.45,60.0,1.78,PE,5.34,E-4902778198070,3003330000.0,ALB1381,N3240731,0.0,14596857.0,00000824352016777370,True
PX264317000,POSCA PC-5M Medium (Gold),4.90278E+12,3.0,1.6,-,-,-,-,4.8,,60.0,Shipped 05/15/2023,76927.0,,PC-5M MEDIUM GOLD,3.0,3.0,0.0,4.45,60.0,1.78,PE,5.34,E-4902778916261,3003330000.0,ALB1381,N3240731,0.0,14596857.0,00000824352016777370,True
PX264382000,POSCA PC-5M Medium (Ivory),4.90278E+12,3.0,1.6,-,-,-,-,4.8,,61.0,Shipped 05/15/2023,76900.0,,PC-5M MEDIUM IVORY,3.0,3.0,0.0,4.45,60.0,1.78,PE,5.34,E-4902778107454,3003330000.0,ALB1381,N3240731,0.0,14596857.0,00000824352016777370,True
PX264325000,POSCA PC-5M Medium (Silver),4.90278E+12,3.0,1.6,-,-,-,-,4.8,,62.0,Shipped 05/15/2023,76928.0,,PC-5M MEDIUM SILVER,3.0,3.0,0.0,4.45,60.0,1.78,PE,5.34,E-4902778916278,3003330000.0,ALB1381,N3240731,0.0,14596857.0,00000824352016777370,True
PX264408000,POSCA PC-5M Medium (Straw Yellow),4.90278E+12,3.0,1.6,-,-,-,-,4.8,,63.0,Shipped 05/15/2023,76903.0,,PC-5M MEDIUM STRAW YELLOW,3.0,3.0,0.0,4.45,60.0,1.78,PE,5.34,E-4902778107478,3003330000.0,ALB1381,N3240731,0.0,14596857.0,00000824352016777370,True
PX264168000,POSCA PC-5M Medium (White),4.90278E+12,6.0,1.6,-,-,-,-,9.6,,64.0,Shipped 05/15/2023,76930.0,,PC-5M MEDIUM WHITE,6.0,6.0,0.0,4.45,60.0,1.78,PE,10.68,E-4902778916254,3003330000.0,ALB1381,N3240731,0.0,14596857.0,00000824352016777394,True
PX264176000,POSCA PC-5M Medium (Yellow),4.90278E+12,3.0,1.6,-,-,-,-,4.8,,65.0,Shipped 05/15/2023,76914.0,,PC-5M MEDIUM YELLOW,3.0,3.0,0.0,4.45,60.0,1.78,PE,5.34,E-4902778916162,3003330000.0,ALB1381,N3240731,0.0,14596857.0,00000824352016777394,True
PX148791000,POSCA PC-8K Broad Chisel (White),4.90278E+12,4.0,2.6,-,-,-,-,10.4,,66.0,Shipped 05/15/2023,76948.0,,PC-8K BROAD WHITE,4.0,4.0,0.0,7.1,60.0,2.84,PE,11.36,E-4902778916599,3003330000.0,ALB1381,N3240731,0.0,14596857.0,00000824352016777394,True
PB3750LB-100,Princeton Select Brushes Blenders (Lunar Blender 1''),7.57063E+11,2.0,3.61,-,-,-,-,7.22,,67.0,Shipped 05/15/2023,28920.0,,SELECT LUNAR BLENDER 1,2.0,2.0,0.0,13.15,67.0,4.34,BR,8.68,U-757063375742,3003330000.0,ALB1381,N3240731,0.0,14596857.0,00000824352016777356,True
PB3750BB-150,"Princeton Select Artiste Brush White Bristle Bright 1-1/2""",7.57063E+11,4.0,3.61,-,-,-,-,14.44,,68.0,Shipped 05/15/2023,28875.0,,SELECT WHTE BRISTLE BRIGHT1.5,4.0,4.0,0.0,13.15,67.0,4.34,BR,17.36,U-757063375599,3003330000.0,ALB1381,N3240731,0.0,14596857.0,00000824352016777356,True
SA25085R,Prismacolor Portrait Sketch Kit,70735250858,2.0,28.45,-,-,-,-,56.9,,69.0,Shipped 05/15/2023,242586.0,,PRISMAPNCL PORTRT  TIN 24 CLR,2.0,2.0,0.0,52.69,46.0,28.45,SE,56.9,U-070735250858,3003330000.0,ALB1381,N3240731,0.0,14596857.0,00000824352016777387,True
SA2023751,Prismacolor Premier 12 Colored Pencil Set Under the Sea,70735007711,3.0,12.57,-,-,-,-,37.71,,71.0,Shipped 05/15/2023,83673.0,,PRISMA PNCL UNDR THE SEA SE/12,3.0,3.0,0.0,25.14,55.0,11.31,SE,33.93,U-070735007711,3003330000.0,ALB1381,N3240731,0.0,14596857.0,00000824352016777363,True
RS255500001,Simply Simmons Brush Set Everything 5 Brushes,38372019122,3.0,4.95,-,-,-,-,14.85,,76.0,Shipped 05/15/2023,286044.0,,SMPLY SIM EVRYTHNG SET 5PC,3.0,3.0,0.0,17.55,70.0,5.27,SE,15.81,U-038372019122,3003330000.0,ALB1381,N3240731,0.0,14596857.0,00000824352016777356,True
RS255400005,Simply Simmons Brush Set Just Filberts 4 Brushes,38372019207,3.0,4.13,-,-,-,-,12.39,,77.0,Shipped 05/15/2023,39094.0,,SMPLY SIM JUST FILBERTS SET 4P,3.0,3.0,0.0,14.65,70.0,4.4,SE,13.2,U-038372019207,3003330000.0,ALB1381,N3240731,0.0,14596857.0,00000824352016777370,True
SW8052,Stabilo All Colored Pencils (White),4.00638E+12,12.0,0.7,-,-,-,-,8.4,,78.0,Shipped 05/15/2023,34347.0,,ALL-STABILO PENCIL WHITE,12.0,12.0,0.0,1.9,60.0,0.76,PE,9.12,E-4006381328159,3003330000.0,ALB1381,N3240731,0.0,14596857.0,00000824352016777356,True
SW70-126,Stabilo Boss Original Pastel Highlighter (Creamy Peach),4.00638E+12,4.0,1.06,-,-,-,-,4.24,,79.0,Shipped 05/15/2023,80612.0,,BOSS ORIG PASTEL CREAMY PEACH,4.0,4.0,0.0,2.9,63.0,1.07,PE,4.28,E-4006381492386,3003330000.0,ALB1381,N3240731,0.0,14596857.0,00000824352016777394,True
SW70-125,Stabilo Boss Original Pastel Highlighter (Pale Orange),4.00638E+12,6.0,1.06,-,-,-,-,6.36,,80.0,Shipped 05/15/2023,99029.0,,BOSS ORIG PASTEL PALE ORANGE,6.0,6.0,0.0,2.9,63.0,1.07,PE,6.42,E-4006381566025,3003330000.0,ALB1381,N3240731,0.0,14596857.0,00000824352016777370,True
SW68-41,Stabilo Pen 68 (Dark Blue),4.00638E+12,5.0,0.72,-,-,-,-,3.6,,81.0,Shipped 05/15/2023,729795.0,,STABILO PEN 68 DARK BLUE,5.0,5.0,0.0,2.0,63.0,0.74,PE,3.7,E-4006381333276,3003330000.0,ALB1381,N3240731,0.0,14596857.0,00000824352016777356,True
SW68-36,Stabilo Pen 68 (Emerald Green),4.00638E+12,10.0,0.72,-,-,-,-,7.2,,82.0,Shipped 05/15/2023,728691.0,,STABILO PEN 68 GREEN,10.0,10.0,0.0,2.0,63.0,0.74,PE,7.4,E-4006381333238,3003330000.0,ALB1381,N3240731,0.0,14596857.0,00000824352016777356,True
SW68-33,Stabilo Pen 68 (Light Green),4.00638E+12,5.0,0.72,-,-,-,-,3.6,,83.0,Shipped 05/15/2023,727954.0,,STABILO PEN 68 LIGHT GREEN,5.0,5.0,0.0,2.0,63.0,0.74,PE,3.7,E-4006381333221,3003330000.0,ALB1381,N3240731,0.0,14596857.0,00000824352016777356,True
SW8820,Stabilo Point 88 Set of 20,4.00638E+12,2.0,9.6,-,-,-,-,19.2,,84.0,Shipped 05/15/2023,3902.0,,STABILO POINT 88 WALLET SET 20,2.0,2.0,0.0,26.5,63.0,9.81,SE,19.62,E-4006381292405,3003330000.0,ALB1381,N3240731,0.0,14596857.0,00000824352016777394,True
SW275-4-08-1,Stabilo Swing Cool Highlighter Pastel 4 Color Set,4.00638E+12,4.0,3.56,-,-,-,-,14.24,,86.0,Shipped 05/15/2023,99025.0,,SWING COOL PASTEL WALLT 4PC II,4.0,4.0,0.0,9.75,63.0,3.61,SE,14.44,E-4006381559461,3003330000.0,ALB1381,N3240731,0.0,14596857.0,00000824352016777370,True
SM333-8,Strathmore Printmaking Light Weight Pad 300 Series 8 x 10 Inch,12017333088,3.0,4.94,-,-,-,-,14.82,,87.0,Shipped 05/15/2023,65186.0,,PRNTMKG 300 LW 8X10 40SH (12),3.0,3.0,0.0,12.95,60.0,5.18,PD,15.54,U-012017333088,3003330000.0,ALB1381,N3240731,0.0,14596857.0,00000824352016777356,True
SM457-5,Strathmore Sketch Paper Pad 400 Series Recycled 5.5 x 8.5 Inch,12017457050,6.0,4.34,-,-,-,-,26.04,,88.0,Shipped 05/15/2023,514640.0,,SKTCH RCY400 5X8SB SD100(12),6.0,6.0,0.0,11.5,60.0,4.6,PD,27.6,U-012017457050,3003330000.0,ALB1381,N3240731,0.0,14596857.0,00000824352016777356,True
SM473-1,Strathmore Watercolor Paper Sheet 140lb Cold Press 22 x 30 Inch,12017473012,30.0,1.85,-,-,-,-,55.5,,89.0,Shipped 05/15/2023,35734.0,,W/C PPR 140#CP 22X30,30.0,30.0,0.0,4.75,57.5,2.02,SH,60.6,U-012017473012,3003330000.0,ALB1381,N3240731,0.0,14596857.0,00000824352016777455,True
TB56503,Tombow Brush Pen Dual Tip Colors (026 Yellow Gold),85014565035,3.0,1.65,-,-,-,-,4.95,,90.0,Shipped 05/15/2023,81817.0,,ABT DUAL BRSH 026 YEL GOLD,3.0,3.0,0.0,3.45,50.0,1.73,PE,5.19,U-085014565035,3003330000.0,ALB1381,N3240731,0.0,14596857.0,00000824352016777356,True
TB56513,Tombow Brush Pen Dual Tip Colors (126 Light Olive),85014565134,3.0,1.65,-,-,-,-,4.95,,91.0,Shipped 05/15/2023,82686.0,,ABT DUAL BRSH 126 LT OLIVE,3.0,3.0,0.0,3.45,50.0,1.73,PE,5.19,U-085014565134,3003330000.0,ALB1381,N3240731,0.0,14596857.0,00000824352016777356,True
TB56561,Tombow Brush Pen Dual Tip Colors (533 Peacock),85014565615,3.0,1.65,-,-,-,-,4.95,,92.0,Shipped 05/15/2023,53414.0,,ABT DUAL BRSH 533 PEACOCK,3.0,3.0,0.0,3.45,50.0,1.73,PE,5.19,U-085014565615,3003330000.0,ALB1381,N3240731,0.0,14596857.0,00000824352016777356,True
TB56603,Tombow Brush Pen Dual Tip Colors (885 Warm Red),85014566032,3.0,1.65,-,-,-,-,4.95,,93.0,Shipped 05/15/2023,31631.0,,ABT DUAL BRUSH 885 WARM RED,3.0,3.0,0.0,3.45,50.0,1.73,PE,5.19,U-085014566032,3003330000.0,ALB1381,N3240731,0.0,14596857.0,00000824352016777356,True
TB56604,Tombow Brush Pen Dual Tip Colors (899 Red Wood),85014566049,3.0,1.65,-,-,-,-,4.95,,94.0,Shipped 05/15/2023,28061.0,,ABT DUAL BRSH 899 REDWOOD,3.0,3.0,0.0,3.45,50.0,1.73,PE,5.19,U-085014566049,3003330000.0,ALB1381,N3240731,0.0,14596857.0,00000824352016777356,True
TB56643,Tombow Brush Pen Dual Tip Neutrals (N89 Warm Gray 1),85014566438,3.0,1.65,-,-,-,-,4.95,,95.0,Shipped 05/15/2023,89362.0,,ABT DUAL BRSH N89 WM GY 1,3.0,3.0,0.0,3.45,50.0,1.73,PE,5.19,U-085014566438,3003330000.0,ALB1381,N3240731,0.0,14596857.0,00000824352016777356,True
TB56167,Tombow Dual Brush 10 Piece Sets (Primary Palette),85014561679,2.0,14.0,-,-,-,-,28.0,,96.0,Shipped 05/15/2023,33574.0,,ABT DUAL BRSH SET 10/PRIMARY,2.0,2.0,0.0,29.49,50.0,14.75,SE,29.5,U-085014561679,3003330000.0,ALB1381,N3240731,0.0,14596857.0,00000824352016777394,True
TB56189,Tombow Dual Brush 10 Piece Sets (Tropical Palette),85014561891,2.0,14.0,-,-,-,-,28.0,,97.0,Shipped 05/15/2023,87042.0,,ABT DUAL BRSH SET 10/TROPICAL,2.0,2.0,0.0,29.49,50.0,14.75,SE,29.5,U-085014561891,3003330000.0,ALB1381,N3240731,0.0,14596857.0,00000824352016777370,True
TB62038,Tombow Fudenosuke Brush Pen Set of 2 Black,85014620383,3.0,3.6,-,-,-,-,10.8,,98.0,Shipped 05/15/2023,80505.0,,FUDENOSUKE BRSH PEN HD&SFT BLK,3.0,3.0,0.0,7.55,50.0,3.78,CD,11.34,U-085014620383,3003330000.0,ALB1381,N3240731,0.0,14596857.0,00000824352016777370,True
ZE01210UPC,Zebra Brush Pen Black Fine,45888012103,12.0,1.36,-,-,-,-,16.32,,99.0,Shipped 05/15/2023,88580.0,,BRUSH PEN SNGL FINE BLACK,12.0,12.0,0.0,2.85,50.0,1.43,PE,17.16,U-045888012103,3003330000.0,ALB1381,N3240731,0.0,14596857.0,00000824352016777370,True
ZE54012,Zebra M-301 Mechanical Pencils .5mm Black,45888540125,6.0,3.09,-,-,-,-,18.54,,101.0,Shipped 05/15/2023,99646.0,,M-301 MECH PNCL .5MM BLK 2PK,6.0,6.0,0.0,6.48,50.0,3.24,CD,19.44,U-045888540125,3003330000.0,ALB1381,N3240731,0.0,14596857.0,00000824352016777370,True
RYWAT12,Watercolor Artist Paint 12 Color Set 12 ml Tubes,90672027818,3.0,3.8,-,-,-,-,11.4,,112.0,Shipped 05/15/2023,11123.0,,WATERCLR ARTST 12ML 12 CLR SET,3.0,3.0,0.0,9.99,62.0,3.8,SE,11.4,U-090672027818,3003330000.0,ALB1381,N3240731,0.0,14596857.0,00000824352016777394,True
TN95960112,Watercolor Pan Set Angora 14 Color,8.71208E+12,6.0,6.38,-,-,-,-,38.28,,113.0,Shipped 05/15/2023,77522.0,,W/C PAN SET ANGORA 14 COLOR,6.0,6.0,0.0,15.95,64.0,5.74,SE,34.44,E-8712079394660,3003330000.0,ALB1381,N3240731,0.0,14596857.0,00000824352016777363,True
RLBTH25-01,Waxed Thread Black 25 Yards,8.70192E+11,3.0,2.55,-,-,-,-,7.65,,114.0,Shipped 05/15/2023,62363.0,,WAXED THREAD 25 YDS. BLACK,3.0,3.0,0.0,5.09,50.0,2.55,CD,7.65,U-870192001891,3003330000.0,ALB1381,N3240731,0.0,14596857.0,00000824352016777387,True
CN100510924,"XL Recycled Sketch Pad 18"" x 24"" 50 Sheets",3.14896E+12,2.0,11.0,-,-,-,-,22.0,,116.0,Shipped 05/15/2023,26487.0,,XL RECYSKT 18X24  50SH TB(12),2.0,2.0,0.0,27.5,60.0,11.0,PD,22.0,E-3148955725771,3003330000.0,ALB1381,N3240731,0.0,14596857.0,00000824352016777431,True
MT20833-5,Scissor Multi Purpose 8 Inch,51135208335,8.0,2.13,-,-,-,-,17.04,,118.0,Shipped 05/15/2023,17348.0,,SCISSOR 1428 MULTI PURPOSE 8IN,8.0,8.0,0.0,4.26,50.0,2.13,CD,17.04,U-051135208335,3003330000.0,ALB1381,N3240731,0.0,14596857.0,00000824352016777387,True
MT00004-1,Scotch Magic Tape,21200000041,12.0,1.91,-,-,-,-,22.92,,119.0,Shipped 05/15/2023,189634.0,,TAPE 119 MAGIC 1/2 X 800IN,12.0,12.0,0.0,3.19,40.0,1.91,RL,22.92,U-021200000041,3003330000.0,ALB1381,N3240731,0.0,14596857.0,00000824352016777363,True
CX51-2012,Sidewalk Chalk 12 Pack,71662612122,4.0,1.85,-,-,-,-,7.4,,121.0,Shipped 05/15/2023,55383.0,,SIDEWALK CHALK 12CT,4.0,4.0,0.0,3.7,50.0,1.85,SE,7.4,U-071662612122,3003330000.0,ALB1381,N3240731,0.0,14596857.0,00000824352016777387,True
CX51-2024,Sidewalk Chalk 24 Piece,71662612245,4.0,3.3,-,-,-,-,13.2,,122.0,Shipped 05/15/2023,55384.0,,SIDEWALK CHALK 24CT,4.0,4.0,0.0,6.6,50.0,3.3,SE,13.2,U-071662612245,3003330000.0,ALB1381,N3240731,0.0,14596857.0,00000824352016777387,True
SN1172069,Snazaroo Rainbow Face Paint Kit,7.66416E+11,3.0,9.35,-,-,-,-,28.05,,124.0,Shipped 05/15/2023,9343.0,,SNAZAROO RAINBOW KIT,3.0,3.0,0.0,19.69,52.5,9.35,SE,28.05,U-766416101471,3003330000.0,ALB1381,N3240731,0.0,14596857.0,00000824352016777394,True
KR1311,Spray Matte Finish 11 Ounce,7.24504E+11,3.0,7.77,-,-,-,-,23.31,,127.0,Shipped 05/15/2023,3085.0,,SPRAY MATTE FINISH 11OZ(6),3.0,3.0,0.0,19.43,60.0,7.77,CN,23.31,U-724504013112,3003330000.0,ALB1381,N3240731,0.0,14596857.0,00000824352016777370,True
KR1306,Spray Workable Fixatif 11 Ounce,7.24504E+11,4.0,7.91,-,-,-,-,31.64,,128.0,Shipped 05/15/2023,1406.0,,SPRAY WORKABLE FIX 11OZ    (6),4.0,4.0,0.0,19.77,60.0,7.91,CN,31.64,U-724504013068,3003330000.0,ALB1381,N3240731,0.0,14596857.0,00000824352016777370,True
GXKBS4,Stencil Film 9 x 12 Blue,96701129607,6.0,2.95,-,-,-,-,17.7,,129.0,Shipped 05/15/2023,252131.0,,STENCIL FILM BLUE 9X12 4/PK,6.0,6.0,0.0,5.89,50.0,2.95,PK,17.7,U-096701229604,3003330000.0,ALB1381,N3240731,0.0,14596857.0,00000824352016777370,True
DE2305872,Tinted Charcoal Paint Pan 12 Color Set,5.02825E+11,1.0,21.31,-,-,-,-,21.31,,131.0,Shipped 05/15/2023,101664.0,,TINTED CHARCOAL PNT PAN SET/12,1.0,1.0,0.0,40.99,48.0,21.31,SE,21.31,U-502825262132,3003330000.0,ALB1381,N3240731,0.0,14596857.0,00000824352016777370,True
PLS520A,Pentel Sign Pen Fiber Tip (Black),72512100004,12.0,0.98,-,-,-,-,11.76,,135.0,Shipped 05/15/2023,294160.0,,FIBER TIP SIGN PEN BLACK,12.0,12.0,0.0,1.95,50.0,0.98,PE,11.76,U-072512100004,3003330000.0,ALB1381,N3240731,0.0,14596857.0,00000824352016777356,True
PLBG202-C,Pentel Slicci .25mm Blue,72512234907,6.0,1.76,-,-,-,-,10.56,,136.0,Shipped 05/15/2023,31768.0,,SLICCI BLUE .25MM,6.0,6.0,0.0,3.25,46.0,1.76,PE,10.56,U-072512234907,3003330000.0,ALB1381,N3240731,0.0,14596857.0,00000824352016777370,True
PI46543,Pilot Erasable Highlighter Set of 5,72838465436,7.0,3.98,-,-,-,-,27.86,,137.0,Shipped 05/15/2023,81695.0,,FRIXION LT HGHLTR PASTEL 5/CD,7.0,7.0,0.0,8.37,50.0,4.19,CD,29.33,U-072838465436,3003330000.0,ALB1381,N3240731,0.0,14596857.0,00000824352016777370,True
CW3501,Pocket Color Wheel,88107235013,3.0,2.41,-,-,-,-,7.23,,138.0,Shipped 05/15/2023,762679.0,,POCKET COLOR WHEEL 5 1/8IN,3.0,3.0,0.0,4.39,45.0,2.41,CD,7.23,U-088107235013,3003330000.0,ALB1381,N3240731,0.0,14596857.0,00000824352016777387,True
ED4200-6099,Porcelain Brush Pen 6 Cool Color Set,4.00476E+12,2.0,8.48,-,-,-,-,16.96,,139.0,Shipped 05/15/2023,93730.0,,4200 PORC BRUSH SET/6 COOL,2.0,2.0,0.0,16.95,50.0,8.48,SE,16.96,E-4004764960699,3003330000.0,ALB1381,N3240731,0.0,14596857.0,00000824352016777370,True
XA3601Q3,Knife #1 With Safety Cap X-Acto,79946360103,21.0,3.57,-,-,-,-,74.97,,142.0,Shipped 05/15/2023,103893.0,,KNIFE #1 W/SAFETY CAP CARDED,21.0,0.0,0.0,5.95,40.0,3.57,CD,0.0,U-079946360103,3003330000.0,ALB1381,N3240731,0.0,14596857.0,,False
YO6K,Kozo Japanese Art Paper,31248981608,3.0,11.87,-,-,-,-,35.61,,143.0,Shipped 05/15/2023,101987.0,,KOZO PAPER 10 1/2X13 3/4 10SH,3.0,3.0,0.0,21.99,54.5,10.01,PK,30.03,U-031248981608,3003330000.0,ALB1381,N3240731,0.0,14596857.0,00000824352016777363,True
RYRART-110,Large Area Brush 3 Pack Bristle,90672008664,6.0,1.71,-,-,-,-,10.26,,144.0,Shipped 05/15/2023,296589.0,,LG AREA BRSH SE 3PK BRISTLE,6.0,6.0,0.0,4.49,62.0,1.71,CD,10.26,U-090672008664,3003330000.0,ALB1381,N3240731,0.0,14596857.0,00000824352016777356,True
RLROC04-0260,Leather Lace 1/8 Inch x 4 yard Light Brown,8.70192E+11,3.0,2.75,-,-,-,-,8.25,,145.0,Shipped 05/15/2023,62369.0,,LATIGO LACE 1/8INX4YD CHFTN,3.0,3.0,0.0,5.5,50.0,2.75,CD,8.25,U-870192001341,3003330000.0,ALB1381,N3240731,0.0,14596857.0,00000824352016777363,True
AWCT2169,Let's Learn to Sew Kit,8.11069E+11,2.0,10.0,-,-,-,-,20.0,,146.0,Shipped 05/15/2023,100170.0,,LETS LEARN TO SEW KIT,2.0,2.0,0.0,20.99,50.0,10.5,EA,21.0,U-811069031269,3003330000.0,ALB1381,N3240731,0.0,14596857.0,00000824352016777363,True
GPS-415BP,Little Red All Art Sharpener with Canister,44974415019,7.0,1.33,-,-,-,-,9.31,,147.0,Shipped 05/15/2023,31732.0,,SHARPENER LITTLE RED CANNISTER,7.0,7.0,0.0,2.66,50.0,1.33,CD,9.31,U-044974415019,3003330000.0,ALB1381,N3240731,0.0,14596857.0,00000824352016777394,True
PLK98-W,Milky Pop .8mm Pen White Pastel,72512269015,12.0,1.54,-,-,-,-,18.48,,148.0,Shipped 05/15/2023,83714.0,,MILKY POP .8MM WHITE PASTEL,12.0,12.0,0.0,2.85,46.0,1.54,PE,18.48,U-072512269015,3003330000.0,ALB1381,N3240731,0.0,14596857.0,00000824352016777370,True
LP140WH23,Mini Paper Pad Stonehenge Aqua Coldpress,6.45248E+11,20.0,1.2,-,-,-,-,24.0,,149.0,Shipped 05/15/2023,91188.0,,STNHNGE AQUA PD 140LB MINI CP,20.0,20.0,0.0,2.67,55.0,1.2,PD,24.0,U-645248440920,3003330000.0,ALB1381,N3240731,0.0,14596857.0,00000824352016777363,True
LP135WH23,Mini Paper Pad Stonehenge Light,6.45248E+11,10.0,1.2,-,-,-,-,12.0,,150.0,Shipped 05/15/2023,91192.0,,STNHNGE LIGHT PD MINI 30SH,10.0,10.0,0.0,2.67,55.0,1.2,PD,12.0,U-645248434158,3003330000.0,ALB1381,N3240731,0.0,14596857.0,00000824352016777363,True
AA17358,Mini Ribbon Sculpting Tool Set,82435173580,2.0,6.65,-,-,-,-,13.3,,151.0,Shipped 05/15/2023,72887.0,,RIBBON TOOL METAL 6PC SET,2.0,2.0,0.0,20.99,65.0,7.35,SE,14.7,U-082435173580,3003330000.0,ALB1381,N3240731,0.0,14596857.0,00000824352016777387,True
FR7119100597,Fabriano 1264 Watercolor Pad Spiral-Bound 9 x 12 140 lb.,8.00135E+12,8.0,6.29,-,-,-,-,50.32,,153.0,Shipped 05/15/2023,97464.0,,1264 WC WB 140CP 9X12 30SH,8.0,8.0,0.0,19.35,67.5,6.29,PD,50.32,E-8001348210665,3003330000.0,ALB1381,N3240731,0.0,14596857.0,00000824352016777370,True
TNF1250C,Finetec Artist Pearlescent Watercolor Pan Refill (Amethyst),4.2514E+12,4.0,3.58,-,-,-,-,14.32,,154.0,Shipped 05/15/2023,97711.0,,FNTC CLR SQU PEARL AMETHYST,4.0,4.0,0.0,8.95,64.0,3.22,CD,12.88,E-4251402600176,3003330000.0,ALB1381,N3240731,0.0,14596857.0,00000824352016777363,True
GL960015,Flip-Sketch Sketch Books 5 x 7 Pool,6.96845E+11,4.0,4.11,-,-,-,-,16.44,,155.0,Shipped 05/15/2023,43275.0,,FLIP-SKT BK 5X7 POOL 100SH,4.0,4.0,0.0,10.25,57.5,4.36,BK,17.44,U-696844960152,3003330000.0,ALB1381,N3240731,0.0,14596857.0,00000824352016777356,True
GL960030,Flip-Sketch Sketch Books 6 X 9 Mist,6.96845E+11,4.0,5.13,-,-,-,-,20.52,,156.0,Shipped 05/15/2023,43277.0,,FLIP-SKT BK 6X9 MIST 100SH,4.0,4.0,0.0,12.8,57.5,5.44,BK,21.76,U-696844960305,3003330000.0,ALB1381,N3240731,0.0,14596857.0,00000824352016777356,True
DPDGG09-30,Galaxy Glitter Paint (Big Bang),7.66218E+11,3.0,1.49,-,-,-,-,4.47,,157.0,Shipped 05/15/2023,88460.0,,GALAXY GLITTR 2OZ BIG BANG,3.0,3.0,0.0,3.32,55.0,1.49,BO,4.47,U-766218112101,3003330000.0,ALB1381,N3240731,0.0,14596857.0,00000824352016777363,True
DPDGG04-30,Galaxy Glitter Paint (Red Nebula),7.66218E+11,3.0,1.25,-,-,-,-,3.75,,158.0,Shipped 05/15/2023,88454.0,,GALAXY GLITTR 2OZ RED NEBULA,3.0,3.0,0.0,3.32,55.0,1.49,BO,4.47,U-766218112057,3003330000.0,ALB1381,N3240731,0.0,14596857.0,00000824352016777363,True
ELE-309,Glue School Elmer's 9 Ounce Clear,26000003094,4.0,4.25,-,-,-,-,17.0,,162.0,Shipped 05/15/2023,81348.0,,ELMERS CLEAR SCHOOL GLUE 9 OZ,4.0,4.0,0.0,8.5,55.0,3.83,EA,15.32,U-026000003094,3003330000.0,ALB1381,N3240731,0.0,14596857.0,00000824352016777394,True
CE3446-02,Googly Eyes Assorted Sizes 100 Pack,21196344624,6.0,2.1,-,-,-,-,12.6,,163.0,Shipped 05/15/2023,57973.0,,WIGGLE EYES BLK ASST SZ 100PK,6.0,6.0,0.0,4.19,50.0,2.1,BG,12.6,U-021196344624,3003330000.0,ALB1381,N3240731,0.0,14596857.0,00000824352016777363,True
RYGOU12,Gouache Artist Paint 12 Color Set 12 ml Tubes,90672028594,4.0,3.8,-,-,-,-,15.2,,164.0,Shipped 05/15/2023,59850.0,,GOUCHE ARTST 12ML 12 CLR SET,4.0,4.0,0.0,9.99,62.0,3.8,SE,15.2,U-090672028594,3003330000.0,ALB1381,N3240731,0.0,14596857.0,00000824352016777363,True
MR0145000101,Graphix Aqua Pen 6 Color Set Make Manga,4.00775E+12,4.0,7.65,-,-,-,-,30.6,,166.0,Shipped 05/15/2023,84647.0,,GRAPX AQUA PEN MAKEMANGA SET/6,4.0,4.0,0.0,17.99,55.0,8.1,SE,32.4,E-4007751629128,3003330000.0,ALB1381,N3240731,0.0,14596857.0,00000824352016777363,True
FC9121212,Grip Watercolor Ecopencils 12 Piece Pack,92633702710,6.0,4.32,-,-,-,-,25.92,,167.0,Shipped 05/15/2023,33908.0,,GRIP WATERCLR ECOPENCILS 12CT,6.0,6.0,0.0,8.0,46.0,4.32,SE,25.92,U-092633702710,3003330000.0,ALB1381,N3240731,0.0,14596857.0,00000824352016777370,True
PLKN105-A,Hybrid Technica Pen Black (.5mm),72512242452,13.0,1.73,-,-,-,-,22.49,,169.0,Shipped 05/15/2023,31790.0,,HYBRID TECHNICA .5MM BLK,13.0,13.0,0.0,3.2,46.0,1.73,PE,22.49,U-072512242452,3003330000.0,ALB1381,N3240731,0.0,14596857.0,00000824352016777356,True
SA1953513,Inkjoy Gel Pen 0.7mm (Pink),71641100916,6.0,1.85,-,-,-,-,11.1,,170.0,Shipped 05/15/2023,73675.0,,INKJOY GEL PINK UPC 0.7,6.0,6.0,0.0,3.42,46.0,1.85,PE,11.1,U-071641100916,3003330000.0,ALB1381,N3240731,0.0,14596857.0,00000824352016777356,True
AA17348,Double Ball Stylus Embossing Tool,82435173481,3.0,1.17,-,-,-,-,3.51,,172.0,Shipped 05/15/2023,22108.0,,DBL BALL STYLUS EMBOSS TOOL,3.0,3.0,0.0,3.89,65.0,1.36,CD,4.08,U-082435173481,3003330000.0,ALB1381,N3240731,0.0,14596857.0,00000824352016777370,True
JAJID1301,Dye Fixative for Natural Fibers,7.43772E+11,3.0,2.55,-,-,-,-,7.65,,174.0,Shipped 05/15/2023,56828.0,,DYE FIXATIVE 14GM PK,3.0,3.0,0.0,5.19,50.0,2.6,PK,7.8,U-743772027287,3003330000.0,ALB1381,N3240731,0.0,14596857.0,00000824352016777370,True
PLPTS-15,Dyeing Pastel Set of 15,72512009291,6.0,2.63,-,-,-,-,15.78,,175.0,Shipped 05/15/2023,5142.0,,DYEING PASTEL SET OF 15,6.0,6.0,0.0,5.25,52.5,2.49,SE,14.94,U-072512009291,3003330000.0,ALB1381,N3240731,0.0,14596857.0,00000824352016777387,True
MDEPASTUFF,Early Start Stuff For Painting 5 Piece Set,9.31331E+12,3.0,5.5,-,-,-,-,16.5,,176.0,Shipped 05/15/2023,90544.0,,ES STUFF FOR PAINTING,3.0,3.0,0.0,10.99,50.0,5.5,EA,16.5,E-9313306052453,3003330000.0,ALB1381,N3240731,0.0,14596857.0,00000824352016777363,True
FC166399,Ecco Pigment Pen Black (.3mm),4.0054E+12,5.0,1.45,-,-,-,-,7.25,,177.0,Shipped 05/15/2023,74823.0,,ECCO PIGMNT FIBRE TIP 0.3 BLK,5.0,5.0,0.0,3.25,52.5,1.54,PE,7.7,E-4005401663997,3003330000.0,ALB1381,N3240731,0.0,14596857.0,00000824352016777370,True
TN11509901,Ecoline Watercolor Brush Pen Pastel Set of 5,8.71208E+12,2.0,10.33,-,-,-,-,20.66,,178.0,Shipped 05/15/2023,83768.0,,ECOLINE WC BRUSHPEN PASTL SE/5,2.0,2.0,0.0,22.95,59.5,9.29,SE,18.58,E-8712079408275,3003330000.0,ALB1381,N3240731,0.0,14596857.0,00000824352016777370,True
MDM027727,Egg Chalk 6 Color Set,9.31331E+12,5.0,3.5,-,-,-,-,17.5,,179.0,Shipped 05/15/2023,90553.0,,ES EGG CHALK,5.0,5.0,0.0,6.99,52.5,3.32,EA,16.6,E-9313306027727,3003330000.0,ALB1381,N3240731,0.0,14596857.0,00000824352016777394,True
UX248310000,EMOTT 5 Pen Set (#4),4.90278E+12,6.0,7.0,-,-,-,-,42.0,,180.0,Shipped 05/15/2023,89048.0,,EMOTT 0.4MM FINE 5CT SET#4,6.0,0.0,0.0,14.1,55.0,6.35,SE,0.0,E-4902778248317,3003330000.0,ALB1381,N3240731,0.0,14596857.0,,True
DPDPM04-30,Extreme Sheen (24K Gold),7.66218E+11,6.0,1.53,-,-,-,-,9.18,,182.0,Shipped 05/15/2023,80112.0,,EXTREME SHEEN 2OZ 24K GOLD,6.0,6.0,0.0,3.42,55.0,1.54,BO,9.24,U-766218096890,3003330000.0,ALB1381,N3240731,0.0,14596857.0,00000824352016777363,True
DPDPM30-30,Extreme Sheen (Deep Sapphire),7.66218E+11,3.0,1.54,-,-,-,-,4.62,,183.0,Shipped 05/15/2023,87164.0,,EXTREME SHEEN 2OZ DEEP SAPPHRE,3.0,3.0,0.0,3.42,55.0,1.54,BO,4.62,U-766218113382,3003330000.0,ALB1381,N3240731,0.0,14596857.0,00000824352016777363,True
DPDPM03-30,Extreme Sheen (Rose Gold),7.66218E+11,4.0,1.53,-,-,-,-,6.12,,185.0,Shipped 05/15/2023,80111.0,,EXTREME SHEEN 2OZ ROSE GOLD,4.0,4.0,0.0,3.42,55.0,1.54,BO,6.16,U-766218096883,3003330000.0,ALB1381,N3240731,0.0,14596857.0,00000824352016777363,True
DPDPM05-30,Extreme Sheen (Vintage Brass),7.66218E+11,4.0,1.54,-,-,-,-,6.16,,187.0,Shipped 05/15/2023,80109.0,,EXTREME SHEEN 2OZ VINTG BRASS,4.0,4.0,0.0,3.42,55.0,1.54,BO,6.16,U-766218096906,3003330000.0,ALB1381,N3240731,0.0,14596857.0,00000824352016777363,True
CE3556,24 Gauge Silver Craft Wire 24 Yards,21196035560,4.0,3.35,-,-,-,-,13.4,,189.0,Shipped 05/15/2023,58004.0,,CRAFT WIRE 24YDS SILVR 24GAUGE,4.0,4.0,0.0,6.69,50.0,3.35,EA,13.4,U-021196035560,3003330000.0,ALB1381,N3240731,0.0,14596857.0,00000824352016777363,True
AL15633,Aleene's OK To Wash It 4oz,17754156334,4.0,2.0,-,-,-,-,8.0,,190.0,Shipped 05/15/2023,12299.0,,ALEENES OK TO WASH IT 4OZ,4.0,4.0,0.0,4.99,60.0,2.0,BO,8.0,U-017754156334,3003330000.0,ALB1381,N3240731,0.0,14596857.0,00000824352016777387,True
AL15599,Aleene's Tacky Glue Original 8 oz,17754155993,4.0,2.8,-,-,-,-,11.2,,191.0,Shipped 05/15/2023,973467.0,,ALEENES TACKY GLUE 8OZ SQZ,4.0,4.0,0.0,6.99,60.0,2.8,BO,11.2,U-017754155993,3003330000.0,ALB1381,N3240731,0.0,14596857.0,00000824352016777394,True
AA20132,Artist Tape .5 Inch 60 Yards,82435201320,3.0,4.95,-,-,-,-,14.85,,192.0,Shipped 05/15/2023,300365.0,,TAPE ARTIST WHITE 1/2INX60YD,3.0,3.0,0.0,11.49,55.0,5.17,RL,15.51,U-082435201320,3003330000.0,ALB1381,N3240731,0.0,14596857.0,00000824352016777387,True
RYRD88,Blending Stumps 3 Pack,90672008534,3.0,0.95,-,-,-,-,2.85,,193.0,Shipped 05/15/2023,222100.0,,BLENDING STUMPS 3/PK,3.0,3.0,0.0,2.49,62.0,0.95,PK,2.85,U-090672008534,3003330000.0,ALB1381,N3240731,0.0,14596857.0,00000824352016777387,True
YOCC1,Calli-Sumi Brush 1-1/8 inch,31248010759,3.0,1.96,-,-,-,-,5.88,,195.0,Shipped 05/15/2023,172421.0,,CALLI-SUMI BRSH 1-1/8 INCH,3.0,3.0,0.0,4.9,64.0,1.76,BR,5.28,U-031248010759,3003330000.0,ALB1381,N3240731,0.0,14596857.0,00000824352016777356,True
GP5630ABP,Charcoal Peel and Sketch Kit,44974563031,3.0,2.78,-,-,-,-,8.34,,197.0,Shipped 05/15/2023,948403.0,,CHARCOAL PEEL/SKETCH KIT,3.0,3.0,0.0,5.56,50.0,2.78,SE,8.34,U-044974563031,3003330000.0,ALB1381,N3240731,0.0,14596857.0,00000824352016777394,True
GP59P-BP,Charcoal Pencils 4 Pack,44974590303,4.0,4.4,-,-,-,-,17.6,,198.0,Shipped 05/15/2023,5242.0,,PRIMO EURO CHRCL PNCLS 4/CD,4.0,4.0,0.0,8.79,50.0,4.4,CD,17.6,U-044974590303,3003330000.0,ALB1381,N3240731,0.0,14596857.0,00000824352016777370,True
HX36001,Circle Ruler 12 Inch,79252360019,3.0,2.53,-,-,-,-,7.59,,200.0,Shipped 05/15/2023,7156.0,,CIRCLE RULER 12IN ASST COLORS,3.0,3.0,0.0,4.69,46.0,2.53,EA,7.59,U-079252360019,3003330000.0,ALB1381,N3240731,0.0,14596857.0,00000824352016777370,True
RHC96621,Clairefontaine Graf It 6 X 8 Sketch Pad 80 Sheets,3.32968E+12,6.0,3.25,-,-,-,-,19.5,,201.0,Shipped 05/15/2023,45737.0,,CF GRAFIT 90G 80SH SKETCH 6X8,6.0,6.0,0.0,7.5,55.0,3.38,PD,20.28,E-3329680966213,3003330000.0,ALB1381,N3240731,0.0,14596857.0,00000824352016777387,True
DT387000,Clay Das 1.1 Pound White,8.00014E+12,12.0,2.58,-,-,-,-,30.96,,202.0,Shipped 05/15/2023,293814.0,,CLAY DAS PRONTO WHITE 1.1 LBS,12.0,12.0,0.0,9.5,72.0,2.66,EA,31.92,E-8000144074112,3003330000.0,ALB1381,N3240731,0.0,14596857.0,00000824352016777356,True
DT387500,Clay Das 2.2 Pound White,8.00014E+12,14.0,4.98,-,-,-,-,69.72,,203.0,Shipped 05/15/2023,293938.0,,CLAY DAS PRONTO WHITE 2.2 LBS,14.0,14.0,0.0,15.75,67.5,5.12,EA,71.68,E-8000144074105,3003330000.0,ALB1381,N3240731,0.0,14596857.0,Multiple Cartons,True
CB1200107-3,Collage Board 15 X 20 White,93924180330,15.0,2.36,-,-,-,-,35.4,,,,,,,,,,,,,,,,,,,,,,True
BEAWD-182404,Colored Copper 18 Gauge Craft Wire (Antique Brass),6.56156E+11,2.0,2.5,-,-,-,-,5.0,,206.0,Shipped 05/15/2023,61455.0,,ARTISTIC WIRE 18GA AN BRS 4YD,2.0,2.0,0.0,5.25,50.0,2.63,CD,5.26,U-656156061794,3003330000.0,ALB1381,N3240731,0.0,14596857.0,00000824352016777363,True
AA27180,Compass & Protractor Set,82435271804,3.0,2.11,-,-,-,-,6.33,,207.0,Shipped 05/15/2023,22392.0,,PROTRACTOR & COMPASS SET,3.0,3.0,0.0,4.69,55.0,2.11,SE,6.33,U-082435271804,3003330000.0,ALB1381,N3240731,0.0,14596857.0,00000824352016777387,True
GP958-BP,Compressed Charcoal White 4 Pack,44974958042,4.0,2.39,-,-,-,-,9.56,,208.0,Shipped 05/15/2023,695165.0,,COMPEA CHAR 4/STX WHITE,4.0,4.0,0.0,4.78,50.0,2.39,CD,9.56,U-044974958042,3003330000.0,ALB1381,N3240731,0.0,14596857.0,00000824352016777394,True
WN0390373,Cotman Watercolor Pocket Plus Set,94376954364,3.0,15.25,-,-,-,-,45.75,,209.0,Shipped 05/15/2023,996771.0,,COTMAN WC POCKET PLUS SET,3.0,3.0,0.0,35.49,59.5,14.37,SE,43.11,U-094376954364,3003330000.0,ALB1381,N3240731,0.0,14596857.0,00000824352016777387,True
AWCT2103,Craft-tastic Mermaid Potions Kit,8.11069E+11,1.0,10.0,-,-,-,-,10.0,,210.0,Shipped 05/15/2023,100168.0,,MERMAID POTIONS KIT,1.0,1.0,0.0,20.99,50.0,10.5,EA,10.5,U-811069030996,3003330000.0,ALB1381,N3240731,0.0,14596857.0,00000824352016777363,True
GD1100-2,Golden Heavy Body Acrylic 2 Oz. (Cadmium Red Medium),7.38797E+11,2.0,12.35,-,-,-,-,24.7,,212.0,Shipped 05/15/2023,838470.0,,HB ACR CP CAD RED MED 2oz,2.0,2.0,0.0,27.29,52.5,12.96,TU,25.92,U-738797110021,3003330000.0,ALB1381,N3240731,0.0,14596857.0,00000824352016777370,True
GD1380-2,Golden Heavy Body Acrylic 2 Oz. (Titanium White),7.38797E+11,2.0,5.65,-,-,-,-,11.3,,213.0,Shipped 05/15/2023,833738.0,,HB ACR TITANIUM WHITE 2oz,2.0,2.0,0.0,12.49,52.5,5.93,TU,11.86,U-738797138025,3003330000.0,ALB1381,N3240731,0.0,14596857.0,00000824352016777394,True
GD1407-2,Golden Heavy Body Acrylic 2 Oz. (Yellow Ochre),7.38797E+11,2.0,5.65,-,-,-,-,11.3,,214.0,Shipped 05/15/2023,830933.0,,HB ACR YELLOW OCHRE 2oz,2.0,2.0,0.0,12.49,52.5,5.93,TU,11.86,U-738797140721,3003330000.0,ALB1381,N3240731,0.0,14596857.0,00000824352016777370,True
JAJID1424,iDye Natural Fabrics (Chestnut),7.43772E+11,3.0,2.25,-,-,-,-,6.75,,215.0,Shipped 05/15/2023,17325.0,,IDYE CHESTNUT 14GM PK,3.0,3.0,0.0,5.19,50.0,2.6,PK,7.8,U-743772022800,3003330000.0,ALB1381,N3240731,0.0,14596857.0,00000824352016777387,True
LA453,Lama Li Lokta Paper Hydrangea,7.19723E+11,15.0,2.44,-,-,-,-,36.6,,219.0,Shipped 05/15/2023,94531.0,,LOKTA 60GSM 20X30 HYDRANGEA,15.0,15.0,0.0,6.1,62.0,2.32,SH,34.8,U-719722824534,3003330000.0,ALB1381,N3240731,0.0,14596857.0,Multiple Cartons,True
UC4100S-BRSH,LePen Drawing Black (Brush),28617411309,6.0,1.0,-,-,-,-,6.0,,221.0,Shipped 05/15/2023,74995.0,,LE PEN DRAWING BRUSH BLACK,6.0,6.0,0.0,2.19,50.0,1.1,PE,6.6,U-028617411309,3003330000.0,ALB1381,N3240731,0.0,14596857.0,00000824352016777356,True
LQ4260234,Acrylic Ink 30ML (Iridescent Bright Gold),94376975857,2.0,4.23,-,-,-,-,8.46,,223.0,Shipped 05/15/2023,19094.0,,LIQ INK 30ML JAR IRID BRT GOLD,2.0,2.0,0.0,9.39,55.0,4.23,JA,8.46,U-094376975857,3003330000.0,ALB1381,N3240731,0.0,14596857.0,00000824352016777387,True
LQ4260236,Acrylic Ink 30ML (Iridescent Bright Silver),94376975864,2.0,4.23,-,-,-,-,8.46,,224.0,Shipped 05/15/2023,19095.0,,LIQ INK 30ML JAR IRID BRT SLVR,2.0,2.0,0.0,9.39,55.0,4.23,JA,8.46,U-094376975864,3003330000.0,ALB1381,N3240731,0.0,14596857.0,00000824352016777363,True
LQ1046128,Acrylic Paint Liquitex Basics 4 Ounce (Burnt Umber),94376922332,6.0,4.23,-,-,-,-,25.38,,225.0,Shipped 05/15/2023,667269.0,,BASICS 4OZ BURNT UMBER,6.0,6.0,0.0,9.39,55.0,4.23,TU,25.38,U-094376922332,3003330000.0,ALB1381,N3240731,0.0,14596857.0,00000824352016777394,True
LQ1046470,Acrylic Paint Liquitex Basics 4 Ounce (Cerulean Blue),94376922523,6.0,4.23,-,-,-,-,25.38,,226.0,Shipped 05/15/2023,667080.0,,BASICS 4OZ CERULEAN BLUE,6.0,6.0,0.0,9.39,55.0,4.23,TU,25.38,U-094376922523,3003330000.0,ALB1381,N3240731,0.0,14596857.0,00000824352016777394,True
LQ1046317,Acrylic Paint Liquitex Basics 4 Ounce (Phthalocyanine Green),94376922455,6.0,4.23,-,-,-,-,25.38,,227.0,Shipped 05/15/2023,667048.0,,BASICS 4OZ PHTHALOCYANINE GREE,6.0,6.0,0.0,9.39,55.0,4.23,TU,25.38,U-094376922455,3003330000.0,ALB1381,N3240731,0.0,14596857.0,00000824352016777394,True
LQ1046420,Acrylic Paint Liquitex Basics 4 Ounce (Primary Blue),94376931242,8.0,4.23,-,-,-,-,33.84,,228.0,Shipped 05/15/2023,218553.0,,BASICS 4OZ PRIMARY BLUE,8.0,8.0,0.0,9.39,55.0,4.23,TU,33.84,U-094376931242,3003330000.0,ALB1381,N3240731,0.0,14596857.0,00000824352016777394,True
LQ7508,Liquitex Glazing Medium 8 ounce,94376931594,2.0,9.18,-,-,-,-,18.36,,229.0,Shipped 05/15/2023,194638.0,,GLAZING MEDIUM  8OZ,2.0,2.0,0.0,20.39,55.0,9.18,BO,18.36,U-094376931594,3003330000.0,ALB1381,N3240731,0.0,14596857.0,00000824352016777394,True
JAJFC1036,Pinata Alcohol Ink (Pearl),7.43772E+11,1.0,1.85,-,-,-,-,1.85,,230.0,Shipped 05/15/2023,82379.0,,PINATA PEARL 1/2 OZ,1.0,1.0,0.0,4.29,52.5,2.04,BO,2.04,U-743772032243,3003330000.0,ALB1381,N3240731,0.0,14596857.0,00000824352016777363,True
JAJFC1017,Pinata Alcohol Ink (Sapphire Blue),7.43772E+11,2.0,1.99,-,-,-,-,3.98,,231.0,Shipped 05/15/2023,26819.0,,PINATA SAPPHIRE BLUE 1/2 OZ,2.0,2.0,0.0,4.29,52.5,2.04,BO,4.08,U-743772101710,3003330000.0,ALB1381,N3240731,0.0,14596857.0,00000824352016777387,True
SKXSDK05-49,Pigma Micron Pen 05 .45mm (Black),84511306448,24.0,1.67,-,-,-,-,40.08,,232.0,Shipped 05/15/2023,44393.0,,MICRON PEN .45MM BLACK,24.0,24.0,0.0,3.33,50.0,1.67,PE,40.08,U-084511306448,3003330000.0,ALB1381,N3240731,0.0,14596857.0,00000824352016777356,True
SK50319,Sakura Pigma Calligrapher Pen Assorted 3 Pack,53482503194,3.0,4.84,-,-,-,-,14.52,,233.0,Shipped 05/15/2023,49222.0,,PIGMA CALLIGRPHR PEN BLACK 3PK,3.0,3.0,0.0,10.39,50.0,5.2,PK,15.6,U-053482503194,3003330000.0,ALB1381,N3240731,0.0,14596857.0,00000824352016777370,True
SYP5109,Sculpey Premo Accents 2oz. (Opal),7.15892E+11,5.0,1.5,-,-,-,-,7.5,,234.0,Shipped 05/15/2023,75312.0,,PREMO 2OZ OPAL,5.0,5.0,0.0,3.29,50.0,1.65,EA,8.25,U-715891510964,3003330000.0,ALB1381,N3240731,0.0,14596857.0,00000824352016777363,True
SPB3400,Water Based Block Printing Ink 1.3 Ounce (Black),6.51032E+11,4.0,2.8,-,-,-,-,11.2,,235.0,Shipped 05/15/2023,28924.0,,BLOCK INK WS 1.25OZ BLACK,4.0,4.0,0.0,5.6,50.0,2.8,TU,11.2,U-651032034008,3003330000.0,ALB1381,N3240731,0.0,14596857.0,00000824352016777387,True
SP4196,Speedy Carve 9 x 11.75,6.51032E+11,3.0,15.62,-,-,-,-,46.86,,237.0,Shipped 05/15/2023,38821.0,,SPEEDY CARVE BLK 9X11.75,3.0,3.0,0.0,31.23,50.0,15.62,PK,46.86,U-651032041969,3003330000.0,ALB1381,N3240731,0.0,14596857.0,00000824352016777363,True
SP4107,Speedy Carve Stamp Block 3 x 4 inch,6.51032E+11,14.0,2.21,-,-,-,-,30.94,,238.0,Shipped 05/15/2023,944025.0,,SPEEDY CARVE STAMP BLOCK 3X4,14.0,14.0,0.0,4.42,50.0,2.21,EA,30.94,U-651032041075,3003330000.0,ALB1381,N3240731,0.0,14596857.0,00000824352016777387,True
SP4346,Speedy Cut Block 4 X 5.5 Inch,6.51032E+11,6.0,2.46,-,-,-,-,14.76,,239.0,Shipped 05/15/2023,85936.0,,SPEEDY CUT BLCK 4 X5-1/2,6.0,6.0,0.0,4.92,50.0,2.46,EA,14.76,U-651032043468,3003330000.0,ALB1381,N3240731,0.0,14596857.0,00000824352016777387,True
SA1742664,Sharpie Pen (Blue),71641000506,12.0,1.5,-,-,-,-,18.0,,240.0,Shipped 05/15/2023,19476.0,,SHARPIE PEN BLUE,12.0,12.0,0.0,2.92,46.0,1.58,PE,18.96,U-071641000506,3003330000.0,ALB1381,N3240731,0.0,14596857.0,00000824352016777370,True
SA1823889,Sharpie Permanent Marker Fine Metallic (Gold),71641054905,7.0,1.29,-,-,-,-,9.03,,241.0,Shipped 05/15/2023,48616.0,,SHRP METL FINE GOLD U,7.0,7.0,0.0,2.81,50.0,1.41,PE,9.87,U-071641054905,3003330000.0,ALB1381,N3240731,0.0,14596857.0,00000824352016777356,True
SA37126,Sharpie Permanent Marker Ultra Fine Point (Orange),71641371262,6.0,0.99,-,-,-,-,5.94,,242.0,Shipped 05/15/2023,192902.0,,SHARPIE UFINE ORG U,6.0,6.0,0.0,1.83,46.0,0.99,PE,5.94,U-071641371262,3003330000.0,ALB1381,N3240731,0.0,14596857.0,00000824352016777356,True
UX140095000,uni Chalk Marker PWE-8K Broad Chisel (White),4.90278E+12,1.0,3.28,-,-,-,-,3.28,,248.0,Shipped 05/15/2023,90611.0,,UNI CHALK PWE-8K WHITE,1.0,1.0,0.0,6.55,65.0,2.29,PE,2.29,E-4902778140093,3003330000.0,ALB1381,N3240731,0.0,14596857.0,00000824352016777370,True
RYRD80,Glue Brush (6 Pack),90672000804,6.0,0.75,-,-,-,-,4.5,,249.0,Shipped 05/15/2023,296708.0,,ACID AND GLUE BRUSH 6PK,6.0,6.0,0.0,1.39,62.0,0.53,SE,3.18,U-090672000804,3003330000.0,ALB1381,N3240731,0.0,14596857.0,00000824352016777356,True
CB1200107-3C,,,,,,,,,,,205.0,Shipped 05/15/2023,40245.0,,COLLAGE BOARD 15X20 WHITE,15.0,15.0,0.0,4.91,56.01,2.16,SH,32.4,U-093924180330,3003330000.0,ALB1381,N3240731,0.0,14596857.0,00000824352016777431,True
